club_id,season,goalkeeper_val,centre_back_val,full_back_val,def_mid_val,central_mid_val,winger_val,forward_val,points
79,2012,6000000.00000000,5098599.67656572,3015705.95853973,6430260.36131775,4386747.25035794,5985215.56061361,7395834.32515268,43
39,2012,939270.52666012,1520147.87430684,1091492.57488044,3387857.78175313,2889759.60885509,1468221.94199243,4649831.40655106,42
41,2012,9009803.92157059,3647857.80813412,5168281.25000000,5640744.95308502,6847542.66991408,8223411.49773071,5614079.07425265,48
27,2012,27441176.47058824,16353057.41574657,21968668.40731070,22124022.05301691,30295116.77282378,35656018.07034527,27935347.98533736,91
4,2012,1433088.23529412,2285395.39541653,3518402.15439856,1273972.60273973,3306664.29080542,2191583.24063775,2061500.83698390,44
33,2012,1068382.35294118,10864306.00367771,5406685.06961114,4479855.37190083,8574710.76896448,15868103.84793695,10444579.00806930,55
18,2012,10457250.81699346,6434673.64670194,3035041.29746129,3234406.46218684,2669669.66966967,7192984.77828676,5486272.87852520,47
82,2013,5110294.11764706,3277557.17916137,11891412.05615194,2344154.34380776,8579683.27016784,6000000.00000000,3318389.30551027,60
16,2014,3338235.29411765,22168655.41327125,8635717.70715887,7467044.87506374,22756905.43071161,13158319.78319870,16688482.57006152,46
82,2014,5514705.88235294,6706301.97293331,13572029.05037899,14967517.19145856,20099863.99846546,10159361.06982291,3713521.24183007,69
3,2014,4379411.76470588,3032114.59145067,2250313.37511668,782956.97284101,2117580.26624902,1617768.59504132,2196739.13043478,40
42,2014,9500000.00000000,2361789.64686723,2747764.68387579,2641356.75814311,4833484.57350272,325000.00000000,3793396.39970610,37
42,2015,8000000.00000000,2739938.51682720,2500713.34865098,2121759.10729888,2645925.40036489,1414968.31391509,1821513.05057096,25
86,2015,2166666.66670000,3924860.83277666,1703479.97619454,1439898.14533293,4611439.78164440,2679220.39424980,3308833.37051082,38
16,2016,6161764.70588235,17043409.62905320,8584031.01840104,18862624.58471661,19128526.60223547,13498050.68228874,40874348.32977320,64
41,2016,2319117.64707647,2664690.01440105,2922086.38957176,5289250.59341261,5873715.37612153,237804.87802439,3394903.35939496,38
3,2017,9500000.00000000,5923673.78372642,6750848.84673144,2057555.98932724,4597438.20803311,2044403.57330531,3754097.08131731,22
42,2012,8250000.00000000,2648813.41171514,2494563.43397527,4500000.00000000,3330347.11587545,766666.66670000,5817552.13582893,45
44,2013,2856617.64705882,3118767.77251185,2422963.07370309,2570096.21048498,2422931.90770962,,6585844.99461787,41
24,2014,5527959.27256005,3225902.29103463,2658831.24180558,3274889.38053097,2526493.74710514,3303122.95260974,3865458.72878852,43
167,2016,4107843.13722353,4159123.90486698,2654742.88881149,1540819.85623270,2451655.70422774,2333333.33330000,3039731.05133983,38
86,2012,2000000.00000000,5539973.42919827,2365959.83498112,2880957.21634265,6662735.51731566,5500000.00000000,5569321.19309016,34
33,2015,7497598.82391375,11648255.44778563,3943892.75074479,10717368.42107311,11017095.54444837,12975093.48807547,7947436.35181467,52
33,2016,9000000.00000000,9791666.66665585,5176679.90729906,12120150.55008660,14184221.22224014,4592610.06289299,6320759.53056820,43
41,2017,1759803.92155882,4124912.72384845,3140863.33131121,3388655.11550363,3684828.19264069,1716315.78949064,2284784.32083352,31
86,2016,1479244.35721295,2542508.14827813,1856015.43895861,3304258.06451613,4591690.99756605,2842114.95946942,6440939.99882022,45
86,2017,6125000.00000000,3414945.75745874,4170425.37588641,1698293.89574887,6434020.18940577,3212480.36906920,8716094.57513202,42
38,2012,2057720.58823529,1003706.59105789,1516539.59748931,1650753.29566855,1273857.36576155,1725043.91933084,1126489.88729338,30
15,2014,17000000.00000000,9544659.76977998,3827171.52713861,13406551.05972545,9944247.12086807,10132164.03163850,9843335.31391572,61
33,2014,4003676.47058824,12281041.06972490,5667538.28912962,5237303.93770931,11028620.68965517,12363177.72914511,9598137.27347221,48
4,2013,,1459678.23984931,2312473.73161213,1525522.01257862,6949930.18150197,1444871.79487179,5023971.84957115,26
41,2015,2213047.74362230,2069715.89856426,2153234.96027242,2818584.07079646,4064926.48150902,1250000.00000000,3435937.87661598,41
27,2015,44471078.43137255,33800704.98915401,15430993.69085174,11761560.69364162,32225411.70634921,23020714.67940891,68007906.32506005,88
27,2016,33473529.41174412,39889510.06914429,11681622.94831443,17924952.22740113,33930740.50586599,16912293.80640863,70846225.04296898,82
18,2018,12000000.00000000,26872489.08296943,3004623.04409673,11753966.41306365,21022362.15178450,3585098.33585477,23664175.09966268,55
18,2019,10750000.00000000,26715416.66666667,9086255.09070715,21099652.08745902,12123112.47362399,4869668.62640299,21200947.60310910,65
18,2020,5815346.85863874,27959408.74374506,9059734.82205164,19011291.25651419,16820731.61686488,7375275.27525568,27621209.07812814,49
15,2023,2593137.25490294,34479884.34016169,38510755.17224590,17761809.71390552,56229537.27635506,24918579.55661936,28078519.85559567,90
15,2024,2588235.29411765,36716907.58805564,33653450.36319237,13607540.03558719,76530320.15065913,17793540.75076375,32080830.55243237,69
533,2013,1807254.90196078,3072077.44540283,750000.00000000,2071356.29968682,10594696.96969697,474978.88513514,10240895.29590288,44
533,2014,8000000.00000000,3885433.28017573,2945920.15679802,4078546.08060941,16036125.60386910,2980834.75298126,12267003.32395807,44
44,2016,2250000.00000000,6068072.03710964,4538993.97948565,1100000.00000000,5375923.34313728,3634254.10264469,2645177.81792929,49
60,2012,6000000.00000000,3167303.10262530,2919995.99908551,3487651.34667658,3152037.13967719,3765323.19391635,2924099.92372235,51
105,2015,1691176.47055588,1356006.37280935,1002136.59264788,617137.02190865,1236419.90440783,,1012053.39221196,38
533,2015,5360294.11764706,5682944.25918018,2498825.46394174,3618834.82291301,8937009.69508585,1336419.75308642,4157857.33173949,37
42,2017,1477941.17647059,8585871.23325893,2652758.24897680,2375384.53085726,1559311.22448980,3158823.12642912,5675397.56780550,39
127,2014,1000000.00000000,1372069.86824003,700873.61677344,1500000.00000000,1705094.40104167,1947221.59219778,1525595.62841530,31
4795,2015,1135294.11765294,1272897.33917831,1155352.48041775,1147748.50522206,2503213.68163879,1775007.28226041,1650161.06836585,40
38,2018,429411.76470588,2537927.87286064,2865277.96119562,3732352.94117647,2298375.23189484,8264170.63759952,3696058.09128126,44
27,2013,35000000.00000000,25203423.78437443,8348170.98662207,1025000.00000000,39861944.24841214,25000000.00000000,22806439.67431532,90
41,2014,1932090.69109503,2080266.85394572,3152516.84272912,5460133.43799058,3985640.08163185,950739.43661908,5462429.57062366,35
27,2020,17671568.62745000,35524778.81189369,51891052.69890381,67946192.83357652,40255432.38315462,59240511.76371352,47437905.52816743,78
44,2021,2908888.88885556,5479653.92934764,2289365.48223154,7000000.00000000,6517507.36178019,4953118.10155811,3319294.36803072,33
533,2012,1365931.37255882,2178003.92283182,3020154.61071231,3167406.47039434,4693429.32527265,3653551.13636364,4556782.67044101,31
44,2015,1382352.94120441,4005185.13667544,2823661.98616199,2500000.00000000,4027637.43155979,4131718.88473699,2295678.45947156,50
24,2015,3250000.00000000,3260680.33749866,2226857.11386239,2769328.21183393,4047740.32695938,4511300.99228225,4670001.94287787,36
44,2017,2367647.05882353,7475761.99740597,9267071.54495630,,5533577.24612965,3434226.19046321,6542882.40495137,43
89,2019,1201470.58820294,2517126.23299072,1051108.06772908,2011225.97025753,1416632.72233537,1792279.74568574,2885832.90532443,41
24,2012,4112352.94117647,2811005.95053150,3995134.96548766,5326667.96722591,6833346.51481825,3107738.71593746,2101300.08525149,51
18,2013,20000000.00000000,6440445.94976009,3872531.56361282,6700435.24416136,1965913.30122268,,7187956.74869500,55
18,2014,9333333.33330000,4336546.52137469,5093240.58458836,11093938.21645300,9989459.16114790,7405330.56420907,9271083.27450429,66
18,2016,9333333.33330000,11415332.36293306,4262962.23831800,7896754.53514739,11095913.29503437,6437215.65058835,6204089.28909730,45
18,2017,6974101.30718954,16575162.41881200,2829199.37205651,14738885.09825328,14989972.29219144,5890631.08687183,3739938.78687202,47
42,2013,9500000.00000000,3844758.06451613,2191023.11161218,2500000.00000000,2640387.16082065,,3243232.09975981,42
79,2018,5750000.00000000,13728220.15957822,3201373.51373503,18450404.85829960,3383121.40479377,5634664.69427997,2965420.61754774,28
27,2017,6932352.94117647,42888716.01340710,6272212.06581353,35711459.83645014,47875163.73370545,17384425.97239649,61702385.34617923,84
44,2019,1014404.83976455,10625181.26448937,6948274.29608594,14746313.89252949,5821429.25521731,15646219.31401345,11507660.63273324,41
15,2013,14500000.00000000,7218288.63188976,3165975.10373444,12081871.34502924,8396814.67181467,10000000.00000000,12930129.40442781,61
16,2013,1000000.00000000,10784521.94357367,9330062.72401434,11151549.50869237,26610518.16147358,15000000.00000000,34452555.46751189,71
16,2015,5862745.09803824,22569478.37332950,6319810.68288357,9175565.00707828,23076755.20059435,2736745.88665448,26937995.88598296,78
16,2017,7299330.28422084,14267252.75246700,6431909.25344435,20271641.94802540,17851423.53653686,29437720.95958943,42867207.15683534,55
167,2015,4046111.11114343,2752893.06104523,1848874.29643527,3250000.00000000,2602307.45721271,1998773.99098086,3799086.75799087,38
60,2014,3500000.00000000,1372324.96697490,3327189.23646841,1823460.42819341,5667653.20334262,2250000.00000000,3299893.60738558,34
24,2018,9681045.75163399,7686970.80849401,1618794.32624113,2075258.76460768,9383538.92912738,34965408.48850861,30552831.36278780,54
4,2018,901873.63833196,2412868.03507639,2939434.88943489,1521214.38039081,3344632.57010574,495887.44592078,2691853.04713299,19
15,2019,8666666.66670000,21065337.99533888,11546771.09440484,6389224.50364840,22319615.64801425,22455202.98646757,59310816.32653061,63
167,2012,619607.84313235,1466199.51424280,1554595.62321598,1759083.68644068,2354699.91889676,1283008.10567397,1582415.40676746,33
82,2012,5375000.00000000,4128416.00607523,5738620.71932496,1978633.81159661,8003702.35494052,6836079.07742998,5501463.51662137,43
86,2014,2124820.26143791,2618907.59533364,1119829.17433934,1748694.17862839,3894394.48958800,2469957.48881262,3775742.62912716,43
79,2014,4308823.52940588,3810475.66675832,1866235.70363043,3572441.43035166,4810265.38886841,5000000.00000000,7401819.46403385,36
79,2015,2349918.27394573,2763626.47077490,2284901.68539326,1942073.17073171,4735905.52153769,3290111.94029851,6040200.70043669,33
4795,2016,1244139.43354007,1723335.53066566,1659531.38556806,1200369.89484519,2481510.78612641,1621138.21139555,2414234.53998167,32
167,2017,3794117.64705882,7630650.21700691,6051085.68517960,1787160.95822609,2057547.75747209,4000000.00000000,8337852.65411424,41
41,2013,8029411.76470588,2782193.73219373,,5064618.72777558,5447721.76442075,3880233.35621139,5951879.91023872,27
15,2018,9432352.94117647,20883063.24732536,17488031.11910741,9385374.28803906,30632191.68810072,28776452.80483708,44977616.08531437,58
16,2018,11107843.13725294,29654114.65177270,12929912.86758986,27584611.82994455,30207176.25223163,48067994.70218303,27713934.01015980,76
16,2019,11528594.77124183,27456385.93466661,28484150.55104120,23155848.13227189,32557108.89631796,119231128.07460712,46159800.83855214,69
16,2021,16958823.52941176,17149933.24432577,13129352.22672065,4666666.66670000,33097958.13263183,4905349.79423868,86170321.26466089,69
79,2013,,4150968.60387442,3453952.41749808,2554425.83733057,5138812.78538813,6000000.00000000,4084368.53003830,32
23,2013,1250000.00000000,2360729.02338377,1500000.00000000,1500000.00000000,1200000.00000000,,1088624.43122156,25
86,2018,11050095.31587121,4434725.64734895,7423155.91305836,2973854.93706497,18241318.71223259,7669334.71933472,7445088.27798322,53
39,2014,4221931.54564081,2483630.76922489,2177837.05140640,6525028.38758516,3192738.51331577,2808464.82577252,5808092.08711696,40
65,2012,1125000.00000000,1436844.53872053,1014609.33889374,1266518.61528359,2225138.69320183,802586.20689987,1070110.00183758,21
15,2012,8779411.76470588,7059377.08194003,6259892.77508297,9901015.68068425,8134777.51756440,17103519.30317564,11333008.02429034,65
27,2014,40228669.49983655,25667746.11398040,12898793.95524557,7822644.25072644,31672449.95805034,33461194.02984925,44429436.92088382,79
82,2016,2345588.23529412,7884139.74605263,10317860.23835987,10878847.41320535,8486110.60125488,11867267.94437269,7367202.24610368,37
33,2017,11174019.60781029,8183331.09348210,6026479.75077880,10940160.26640640,18799835.25534872,11252595.80894846,9055328.20095693,63
33,2018,6820252.88861422,15544996.87793645,4796920.96734660,11919583.33332628,10982564.47512857,8899286.25664934,10660996.11902513,33
86,2013,1000000.00000000,1650678.99451026,1377954.30672269,1672852.37698082,4094690.13237134,220000.00000000,3628616.35220126,39
44,2014,2843627.45098039,3750750.30012005,3161471.55244668,2125083.12549971,2179188.43164734,5033028.89309056,2285278.85859741,35
39,2017,888480.39216176,7459685.50199616,2968354.24133811,1650839.79328165,4482777.05190640,2221605.91653550,3474887.31487444,36
24,2017,7500000.00000000,3813695.00587489,5317103.48748042,3820414.84716638,5138096.50998469,7564222.53262128,9526847.32604945,49
42,2018,1286519.60781176,8458581.10097145,1971424.82058463,4429315.31531532,2914168.47043766,2944737.43142590,5802270.61556976,21
33,2022,865294.11764706,2461046.41760001,1804522.03515208,5510046.77648453,2954068.60789789,2474440.85892662,1526953.64239181,31
33,2013,1323529.41176471,9394282.44426752,5460789.91952567,1697890.06107718,8000000.00000000,22296448.99904671,8864838.39373164,64
3,2015,6805882.35294118,2695915.87318598,5492969.21847040,750000.00000000,3664663.58089044,3500000.00000000,3730521.28486596,43
167,2018,1594526.14379085,10197604.75411586,8752850.56147301,4311275.76533734,3463079.20475570,3221854.01777109,11259575.52271089,32
23826,2018,10647058.82352941,23374650.30519668,14496784.47901851,11027658.04600202,22611350.42736492,20813227.95341098,39253690.13485798,66
89,2020,1004607.84313725,6056851.93603248,2506223.31172320,5666666.66670000,2575061.12471565,2191568.19302205,3699798.56245263,50
18,2015,10098039.21571765,5241830.94383596,5225979.02846137,26666666.66670000,7644117.29373699,6750650.39023414,7748439.45068664,55
27,2019,15889705.88235294,38405169.29440333,41964859.13359588,61316337.24815554,48385980.87240630,38272693.99708657,55470168.17136751,82
18,2021,4863770.97729516,17724074.07408171,6287945.08148531,18977428.92844831,14595492.39680543,2283059.41845765,17063676.95593089,45
167,2013,952380.95238095,1766317.84320681,2864988.74236089,3000000.00000000,2041922.95744026,2721097.47160132,2163953.48837209,52
60,2019,5789901.96078431,10034865.54815128,6944466.56597556,3184968.47414880,8312189.88126667,5420048.09794491,7793896.67745887,48
60,2022,8500000.00000000,17578099.83896940,7665509.98264318,2790225.77879394,7718552.98791862,12843087.05193855,6062897.07749111,59
24,2022,8272058.82352941,16513480.58550092,5216565.29819754,8000000.00000000,16567142.71975379,18858661.16751269,34126337.14190211,50
60,2017,5094166.66663500,6302882.22252861,3813460.51084150,2252290.81903414,4610625.90975012,2305958.13202781,4863054.28516691,36
27,2021,12059117.64705882,35118773.94637400,46674966.12465648,72551470.58823088,45479953.00073260,61934159.45058226,43283879.95049505,77
24,2023,5031372.54898824,18211971.67391547,5182174.78305096,11498522.58336851,14616802.05471346,9193404.98935390,16415541.70994143,47
60,2023,7375000.00000000,9350090.66466642,8767402.37691002,2703251.53374233,9241653.41812401,12435164.76785437,5678662.88308810,42
24,2024,2687500.00000000,16917760.04082950,12593816.76252823,8250000.00000000,18259365.17013919,12014527.20550606,47403218.00980727,60
533,2025,3000000.00000000,5499654.13880563,3815825.60296846,,3891026.04330091,19537500.00000000,3585407.12019739,61
18,2022,4975032.67973464,15202205.30835770,8836129.95824635,7478187.10614077,16375141.60963500,4634914.56262280,22873108.78821124,43
33,2019,9857899.90186457,17047494.62475156,6223637.67454602,11992379.44385780,15421258.74970797,11589133.06981761,6461959.76153659,39
24,2013,6974509.80392157,5227857.68357305,4589735.09933775,743568.33642449,875000.00000000,3500000.00000000,3532011.18738876,36
15,2015,15539199.34640523,9731396.68002290,7042127.39997170,15885724.58543619,8652237.21321237,13299535.34685924,9318316.92364852,60
44,2020,4972549.01958235,8624784.54079456,4155461.97792314,6377895.75289575,14234250.49734724,11086004.94391737,19400428.92156863,35
533,2017,9000000.00000000,6773058.40409352,4198423.53525621,6606838.59972282,8819840.47472256,5986114.62951235,15047588.03352285,55
82,2018,8800000.00000000,9387220.34935749,9863251.71047893,10395734.59715640,9310011.61440797,6914179.76862438,12065957.92552833,55
105,2016,1475626.36168284,1197639.97164724,904666.94507473,692763.99027845,1305734.63530396,788471.17794651,901174.42596162,25
89,2021,1086764.70588235,5493134.14819881,1957289.72445570,5750000.00000000,3961121.51865032,4026243.60765690,7607647.53109727,57
60,2013,,6748438.64805290,2129938.92639028,2643683.94010511,5319776.95167286,400000.00000000,3191171.27071823,36
60,2016,2500000.00000000,3151967.98334529,1976459.49906155,1968128.34988908,2974431.53107630,6000000.00000000,4493179.99080507,48
533,2018,8812500.00000000,8167482.29489890,14152523.93385553,19250000.00000000,18389159.13371759,9134831.70466163,18784107.74973522,51
60,2020,5547794.11765000,7706661.64531344,6831140.89775561,6852749.51549043,3830073.54400847,8875294.11764435,5001380.08587201,45
533,2021,4619117.64705882,6377070.75586494,14062103.87323944,10624005.99369968,13126068.11769682,6333333.33330000,13513537.01867916,46
269,2024,1025000.00000000,1527697.71830037,1512362.94703083,2533333.33330000,500000.00000000,2250000.00000000,3205182.07281966,25
24,2019,6585661.76470588,9629077.51875735,2433545.77056779,2248561.15108479,16781271.81277611,27000000.00000000,12733072.97478241,45
533,2019,5550000.00000000,6765267.38707140,2700000.00000000,13999770.34628853,11371456.03372410,7213667.82006920,15161800.87600364,52
533,2022,4250000.00000000,5844297.04346521,16500000.00000000,3411396.57444005,9773176.54110607,3500000.00000000,9205641.75638247,36
23826,2024,3054248.36601307,18187958.34555588,,23000000.00000000,,26000000.00000000,,51
24,2016,4143604.84131629,3683864.94942814,2423593.41074622,3500000.00000000,2956504.83479934,1346609.25726588,2646569.16848311,42
82,2017,5000000.00000000,5799679.48718504,2032594.04333460,8562766.69642301,8908470.96643664,3479770.11494253,7796813.12113851,33
16,2020,3495588.23529412,22124213.21363130,19260606.69809593,12666666.66670000,24418563.72908969,96856311.36044881,89969969.81307861,64
86,2022,2876633.98692810,4737240.27933336,4091021.82539683,1619971.87060478,3576043.37153224,850000.00000000,6977682.02407231,36
86,2023,2063725.49022941,3858757.37668411,4621775.72309957,3609377.99331649,6358431.84198713,6000000.00000000,7133711.63586185,42
86,2024,4333333.33330000,4907253.65960236,5553566.73501394,8547667.00235237,11638114.98066451,5630588.23530894,5808204.98459815,51
86,2019,7952941.17650294,4217693.13561349,3796204.44045175,1180896.25536659,14036013.13075998,24972022.98651918,5691817.96786054,31
15,2016,16000000.00000000,15030590.87891379,9073574.75930738,11977371.11370142,14859658.65637124,19619513.16842562,9530034.49960625,41
533,2016,6000000.00000000,8713701.43149675,3166666.66670000,5095756.78042472,5436661.82524022,2404812.00358786,6554372.17059255,62
39,2016,1837254.90199412,3585772.86706914,2754954.81212835,2750000.00000000,5087065.39536575,4357788.41042329,5013174.54632602,37
16,2022,25352941.17649706,23760760.93470044,12699007.90314444,15000000.00000000,52853105.90630913,29418410.65725285,22825469.48356473,71
89,2023,4876470.58823529,10094149.72168115,7384121.67808792,6404901.96078431,7272836.23796337,10666666.66670000,4253132.45378737,33
10,2020,3750000.00000000,2945638.53912054,1455718.80232261,1266596.08258338,3788013.44745235,4857308.24890515,1136398.80951357,35
167,2022,1033823.52941176,4323712.38426771,3760841.81473176,3838195.84170895,3859998.06005401,3846744.62251052,7864494.35631483,34
79,2022,1661764.70586765,7964514.47040753,10849614.77151966,5596685.08287293,4483874.83355526,6543440.64272132,8721489.51201144,33
10,2021,5844117.64705882,3546334.98959084,2561879.01584109,1502545.88513914,2010615.15080718,4614602.44649522,1482484.00615822,28
39,2022,4176470.58823529,3245620.41155006,6531463.19569120,9018502.48863882,6913892.67409025,1750000.00000000,6027851.29446731,46
44,2018,1871323.52941176,11339830.45212766,9078629.65410883,16666666.66670000,13597228.56706737,4134691.48609179,9148772.41379310,43
82,2019,9155882.35294118,8792134.83145609,12334624.65564738,12500000.00000000,14353999.25593486,7156281.49748020,17495254.53560877,49
167,2021,1350000.00000000,6915583.05917167,3059496.66229243,7439367.57802604,3867989.80337305,4166276.14404781,3148159.47380568,38
39,2013,754578.15565729,1426774.10234662,1303542.85714286,2583333.33330000,3893674.87684729,,3896080.64820049,53
23826,2017,6033088.23529412,13300075.96859067,7002854.60543009,7561030.23516237,31491075.85524041,16836519.53893731,33203686.63596002,53
60,2018,7784558.82352941,6173353.92218676,6202279.87422027,2215491.59120310,5578388.27836681,5415099.00987738,6554358.97435911,36
127,2019,1070588.23529412,963590.67400734,2032998.59673741,812500.00000000,2464546.27722767,1362909.44411237,1226999.82102688,20
23826,2021,9280686.27450980,20434388.62124340,22410874.62200276,18000000.00000000,22168857.29613734,13500000.00000000,43813280.00440970,58
3,2019,4500000.00000000,5134016.77904697,3737080.02385674,5956033.40812765,3406601.41133622,1920488.32270580,6356065.05976876,36
167,2020,1500000.00000000,8418262.46128343,3204781.87919463,4265654.81352992,4448934.10854433,4991346.60698836,5181280.81458643,36
167,2023,4173529.41176471,4513025.02561101,3660823.64177028,5118921.00976371,4777701.67428394,5487547.45633914,13305774.05858054,39
23826,2020,11720588.23529412,35850827.11169668,22695585.18761823,17500000.00000000,26935557.32719107,18997045.88309239,26112487.80488392,65
33,2020,1731666.66666667,7575020.94997696,1952780.32686589,4584215.09218852,6193755.21426890,13083463.27451785,3905964.69280809,16
80,2023,688235.29411765,4382728.34786613,2746268.08248692,3011910.11235955,3333692.82822561,3103691.06698489,1923787.98668969,33
18,2024,3493291.88481675,9385093.16770186,7424075.26707512,5346700.86267195,9395949.90674127,9498547.81053896,9260497.71853954,45
89,2024,2988235.29411765,11662557.81065366,7606313.72861170,3825595.72719803,3715429.18127792,,4947919.79740786,40
82,2020,11801470.58823529,12489005.13334138,10797051.44004558,6000000.00000000,16733042.47458669,8119146.00550964,19614220.40498155,61
533,2020,4813235.29411765,6658009.82128719,13663331.06531882,12294772.82178373,12601089.58838752,6633333.33330000,16060045.13588757,43
80,2022,1100000.00000000,3344107.09157125,1336455.49318364,1038643.37101747,2374935.95714951,2777431.15321082,1927117.74205239,35
23826,2022,2407843.13722941,29190437.29580297,16830749.60015138,,27148019.08318794,8000000.00000000,40329076.23817471,66
533,2023,3500000.00000000,5182892.28666002,8000000.00000000,10848024.63891249,4771006.69691515,2683489.20863309,9606433.58306576,46
82,2023,5239705.88235294,11002482.22192406,10171167.19613420,400000.00000000,12128374.53822109,9131063.12292874,16556583.53445964,37
2036,2025,6426470.58823529,2438380.15955602,1586918.20435142,2430426.46254784,4028621.30561871,3598701.73102530,2460178.70079691,26
82,2025,12000000.00000000,14067910.44776119,8672139.18157314,,6394828.25164029,14095238.09523810,24284638.00073502,29
15,2020,5426470.58823529,22841867.14347719,7079738.87429673,4278013.18267420,19695188.15545959,29444478.15533727,22207084.89386330,52
39,2021,4808823.52941176,7774556.42887939,4410957.93288557,5892241.37931724,5280868.17651807,1375000.00000000,8050934.08530137,46
82,2022,8000000.00000000,14258723.56495468,9109170.84648893,2500000.00000000,11715594.74021313,11441011.23596891,9299934.51212264,49
39,2023,3423529.41173529,5113698.16738610,4302743.42449051,4804929.79719189,8297698.84569845,2378750.00000000,5057159.77379343,35
82,2024,12063725.49019608,10481558.07805940,9158190.76431112,5333333.33330000,7651043.07775421,11243433.39587242,19754392.02527985,43
16,2024,37694117.64705882,17329603.57825205,17582514.33252160,5072779.13607286,17580262.37327641,39351278.77237852,35157577.01916174,57
167,2019,3426470.58825882,7790812.05725270,7770153.21436734,4805518.12056092,6930656.60472748,6477987.55186722,6812248.99599125,36
60,2025,20000000.00000000,6023362.85985448,4449108.24108241,9779741.67233175,15105343.80386899,6032016.34877384,10271273.12295974,47
15,2021,5301470.58823529,24526494.43368829,15762007.59060703,11827646.54415013,23701375.45057849,33128022.91047942,25697025.32131074,64
39,2024,3468627.45101176,3106012.39743579,5455666.43726896,11569693.51157483,9849153.44541795,6205128.20509615,21565574.51650396,52
27,2024,3880000.00000000,35567858.38251453,33209510.75495561,47715707.96461154,88310584.21448045,56453908.76395987,48472450.98038408,82
79,2020,8586764.70585000,6749637.93505502,5768413.12857573,10189858.81259430,2430513.10044134,11582118.21741096,12317342.75296263,45
3,2021,2768627.45098824,3741601.70093931,2788522.14073584,8818537.91598465,3776342.46279922,4983520.35206119,2621070.89737159,52
39,2015,6000000.00000000,2649355.89206258,2152950.44650674,4362070.52853519,4235299.88720500,2963101.14030739,2956228.50969042,50
27,2018,18674237.47274180,46562921.24012410,3764418.12564367,54040818.65995884,55263713.76228244,24528649.16773367,56194455.92286501,78
38,2019,4104166.66665000,3166703.22527824,3260668.94067965,4550233.98788769,3612509.93904055,2161266.72240176,3259187.92934249,30
23826,2023,3281862.74508529,25286447.73147788,19078351.19383343,17333333.33330000,36822679.66775355,5500000.00000000,38565835.98444680,65
27,2022,5923529.41177647,54852497.49339083,50420458.92788276,69616182.57261411,71429160.33846821,60181836.81835849,29738969.15266210,71
15,2022,2951470.58823529,24496415.19529160,26629156.40393738,10995603.48403152,21037091.98813056,35133057.85124959,19597200.70240598,50
3,2023,5500000.00000000,6451094.81769349,2107490.58025622,7560106.01681161,3486649.08772633,4303264.60483250,2166184.02702519,27
39,2025,1081491.17069980,1838410.59602649,2213213.96192203,22126840.31710079,11155916.27509611,3791147.13216958,7161629.43495401,40
23826,2019,10276470.58823529,35659260.70038911,21565592.93414876,12039561.46926537,28818447.29345265,22754183.40026774,42392608.83043685,66
15,2017,16838235.29408529,15883804.08497990,14927021.69627337,10414686.99338199,21997386.51994498,30391119.04051719,18581655.72576324,55
44,2022,3732352.94114412,2549762.16614951,2374367.02936209,2501202.54423930,6568390.66824028,9535429.74079381,2654648.91975309,29
39,2019,3608333.33334559,8853184.51926398,6184237.97519301,6250000.00000000,4955604.79041916,,8099449.42903752,37
39,2020,4404779.41176471,7306757.49762180,2260128.78359250,4928587.19646799,4617292.85891051,833333.33330000,5680391.32553091,39
89,2022,3501960.78428529,8300876.61505595,3979973.77909392,9000000.00000000,5060362.18936859,12654947.60180200,4933934.03605957,62
105,2023,1175000.00000000,1854290.11157895,1385615.38842807,519917.98476860,1845849.66155151,1404100.44500954,1744493.72824666,17
16,2023,31109542.48366013,19104402.06637892,14815267.29240137,11500000.00000000,23079580.11759793,27368531.10663699,24152633.67915926,63
15,2025,8000000.00000000,32544296.71098670,16855501.81378476,7000000.00000000,22781080.66264128,15112479.01510912,24209966.13449444,59
79,2021,5794117.64705882,8327746.15712565,16275780.78963754,9713343.32834514,2162976.62974365,4436405.04770837,12576524.21650619,33
79,2023,9823529.41176471,14717678.10026385,8288048.92720285,11838032.06450399,19727736.35704445,14092297.16520039,30738206.13325573,73
167,2024,4404411.76469118,6867169.40378151,2681918.05715769,6276310.44290939,6340916.73205843,7662162.16216216,4614096.67837224,43
24,2025,5918300.65359477,15792223.72132957,24913698.00045966,6000000.00000000,22073925.27119325,20015082.95625943,28360653.18818040,44
24,2020,6555882.35294118,11120391.49150277,2056338.02820235,1800000.00000000,16217522.26909910,6523668.01552150,27677913.61042456,60
65,2021,527941.17647059,1288757.26858481,1683333.33331528,1266666.66670000,1634400.96952303,3666666.66670000,1675643.41347782,18
2036,2023,1000000.00000000,2453703.24049788,1749334.35738300,2851041.66666667,1816859.49786751,9470153.10664056,3839474.52944459,42
41,2025,,13793048.21664465,,4500000.00000000,8750000.00000000,,,38
3,2020,3956427.01525000,5192641.96413674,4209939.25778086,6485498.81235114,4905140.59980586,3768049.56896552,6563682.75386845,33
79,2024,12000000.00000000,8900295.66358906,13562171.23163397,23163249.91125311,28447937.20336944,16537190.26548487,21280575.53958388,50
3,2022,6000000.00000000,5331589.33860813,3171674.71531755,9164281.17048346,3974394.84641359,4365201.29206854,2424387.35539757,42
79,2017,5666666.66670000,9017647.58980980,2193559.48869223,9085543.38426068,2319535.79799646,3112823.59220849,4172819.97187060,51
3,2016,6461764.70591471,5039024.39024074,8621342.18724993,2146508.47858424,3439427.68753323,3567136.88612163,7010247.79504529,49
39,2018,4676470.58823529,12787689.29745883,7455538.11019126,,5130025.04283683,1718666.66666667,7575059.60200023,43
16,2025,40000000.00000000,24836612.78988053,20813807.53138075,3500000.00000000,22868335.57347670,59273927.39273927,34217215.48238013,73
60,2021,5205882.35294118,16539044.19226853,8073445.04830846,2813901.34529148,6114615.86509675,10239946.01890162,5705175.19880716,55
23826,2016,1875735.29411765,3809488.55577326,3891216.98848845,3578459.36894060,12819393.71297546,13500000.00000000,10508954.28365731,67
79,2025,12000000.00000000,12763917.38476269,13767309.62427165,26403163.38549554,2000000.00000000,17806335.49316055,24578715.36523929,62
27,2023,3379847.49457575,48186704.83461188,35363106.20012277,44624791.05930216,66714996.80407284,65287161.17750093,57631792.52823316,72
80,2024,777205.88235294,2864553.31413225,2947791.61947905,3990295.27152591,2662289.29311385,1575281.02031993,2667921.26094824,25
80,2021,951135.24185587,3859344.57242277,1496704.73838555,532846.08770421,2747849.18594687,2508703.62821035,1858696.47773244,42
35,2024,2763966.02414276,2915381.12522686,4000000.00000000,,,3666666.66670000,,32
2036,2024,833333.33333333,2737140.83510262,2514351.65557982,3590238.82559159,6071775.06774587,1643414.63414634,3588409.21935507,29
86,2025,6764705.88235294,8159338.53887149,5899571.68620379,9913947.65148799,12810562.61343013,6492815.72977061,8754973.82198953,32
24,2021,6373529.41176471,13956342.52564971,2282894.17764556,7400723.28511433,17171113.58987721,10717098.30868562,13201116.27482214,42
167,2025,12000000.00000000,9223054.91990847,2706316.12696377,5512756.44397685,9768410.57719647,7000000.00000000,2348810.07932804,43
18,2025,5000000.00000000,6133983.37595908,6806797.11637487,5007482.30535895,10148981.09050854,11980944.13165873,4112520.68394926,38
82,2021,10400000.00000000,14275452.51447728,13686594.20291993,3750000.00000000,14276726.00546142,6292656.27795341,11334007.66802411,42
60,2024,11105795.20694654,9501440.92218391,3189897.05288656,7063739.91714863,9917809.86763203,7711129.12613120,5252424.24243823,55
89,2025,2261835.01683502,12803717.99368643,5764918.48661950,4868207.37039350,3423222.64319144,,4691882.40456341,39
27,2025,4000000.00000000,37793584.48928121,32322513.95493074,49409018.56763926,42353618.73680169,98635994.16423529,48632741.44651364,89
18,2023,2645392.15685588,10531404.95867769,9273760.87779039,7510865.22462562,13921187.58435605,8158362.30205577,7288152.61043077,34
533,2024,2576470.58823529,3847572.66971507,7297118.34223779,10475535.16816519,10104066.89222566,4160334.18089833,8112650.63000925,32
23826,2025,4060784.31372549,21422523.82573179,,,23663915.97899475,31211534.83103644,24000000.00000000,65
167,2014,1917647.05882353,2149967.76273372,3031445.05638655,3248277.55905512,1545604.64078536,2323426.97933596,2406937.05674157,49
16,2012,4172566.37168142,17986490.93904448,10352151.73026980,8460389.44401742,26064384.28873666,13660463.53098924,24526693.12949715,66
82,2015,3970588.23529412,4999373.53598528,12961210.86557263,11791008.70125685,13796091.53503443,16175159.75900141,9095427.69552555,45
86,2020,6000000.00000000,4339602.82397419,4026713.53250576,495552.59061594,5701370.01559284,14281054.31309687,5842609.38821133,31
35,2025,4500000.00000000,3387054.02650357,,,6125483.19952423,3500000.00000000,,26
3,2025,,2650357.54610463,4750000.00000000,3500000.00000000,3250000.00000000,6913849.15474642,,32
